step,total_vibes,generation,parent,child_index,facet_count,tree_degree,x,y,tree_neighbors
0,1,0,-1,-1,5,5,0.00000,0.00000,1 2 3 4 5
1,2,1,0,0,5,4,0.51385,0.37333,0 6 7 8
2,3,1,0,1,5,4,-0.19627,0.60406,0 9 10 11
3,4,1,0,2,5,4,-0.63515,0.00000,0 12 13 14
4,5,1,0,3,5,4,-0.19627,-0.60406,0 15 16 17
5,6,1,0,4,5,4,0.51385,-0.37333,0 18 19 20
6,7,2,1,0,5,4,0.88537,0.18819,1 21 22 23
7,8,2,1,1,5,3,0.73228,0.53203,1 24 25
8,9,2,1,2,5,4,0.45257,0.78388,1 26 27 28
9,10,2,2,0,5,4,0.09461,0.90019,2 29 30 31
10,11,2,2,1,5,3,-0.27971,0.86085,2 32 33
11,12,2,2,2,5,4,-0.60566,0.67266,2 34 35 36
12,13,2,3,0,5,4,-0.82689,0.36816,3 37 38 39
13,14,2,3,1,5,3,-0.90515,0.00000,3 40 41
14,15,2,3,2,5,4,-0.82689,-0.36816,3 42 43 44
15,16,2,4,0,5,4,-0.60566,-0.67266,4 45 46 47
16,17,2,4,1,5,3,-0.27971,-0.86085,4 48 49
17,18,2,4,2,5,4,0.09461,-0.90019,4 50 51 52
18,19,2,5,0,5,4,0.45257,-0.78388,5 53 54 55
19,20,2,5,1,5,3,0.73228,-0.53203,5 56 57
20,21,2,5,2,5,4,0.88537,-0.18819,5 58 59 60
21,22,3,6,0,5,4,0.97564,0.06822,6 61 62 63
22,23,3,6,1,5,3,0.95665,0.20334,6 64 65
23,24,3,6,2,5,4,0.91904,0.33450,6 66 67 68
24,25,3,7,0,5,4,0.84700,0.48901,7 69 70 71
25,26,3,7,1,5,3,0.72682,0.65443,7 72 73
26,27,3,8,0,5,4,0.60213,0.77070,8 74 75 76
27,28,3,8,1,5,3,0.48901,0.84700,8 77 78
28,29,3,8,2,5,4,0.36638,0.90681,8 79 80 81
29,30,3,9,0,5,4,0.23661,0.94897,9 82 83 84
30,31,3,9,1,5,3,0.10223,0.97267,9 85 86
31,32,3,9,2,5,4,-0.03413,0.97743,9 87 88 89
32,33,3,10,0,5,4,-0.20334,0.95665,10 90 91 92
33,34,3,10,1,5,3,-0.39780,0.89347,10 93 94
34,35,3,11,0,5,4,-0.54691,0.81082,11 95 96 97
35,36,3,11,1,5,3,-0.65443,0.72682,11 98 99
36,37,3,11,2,5,4,-0.74921,0.62866,11 100 101 102
37,38,3,12,0,5,4,-0.82941,0.51827,12 103 104 105
38,39,3,12,1,5,3,-0.89347,0.39780,12 106 107
39,40,3,12,2,5,4,-0.94014,0.26958,12 108 109 110
40,41,3,13,0,5,4,-0.97267,0.10223,13 111 112 113
41,42,3,13,1,5,3,-0.97267,-0.10223,13 114 115
42,43,3,14,0,5,4,-0.94014,-0.26958,14 116 117 118
43,44,3,14,1,5,3,-0.89347,-0.39780,14 119 120
44,45,3,14,2,5,4,-0.82941,-0.51827,14 121 122 123
45,46,3,15,0,5,4,-0.74921,-0.62866,15 124 125 126
46,47,3,15,1,5,3,-0.65443,-0.72682,15 127 128
47,48,3,15,2,5,4,-0.54691,-0.81082,15 129 130 131
48,49,3,16,0,5,4,-0.39780,-0.89347,16 132 133 134
49,50,3,16,1,5,3,-0.20334,-0.95665,16 135 136
50,51,3,17,0,5,4,-0.03413,-0.97743,17 137 138 139
51,52,3,17,1,5,3,0.10223,-0.97267,17 140 141
52,53,3,17,2,5,4,0.23661,-0.94897,17 142 143 144
53,54,3,18,0,5,4,0.36638,-0.90681,18 145 146 147
54,55,3,18,1,5,3,0.48901,-0.84700,18 148 149
55,56,3,18,2,5,4,0.60213,-0.77070,18 150 151 152
56,57,3,19,0,5,4,0.72682,-0.65443,19 153 154 155
57,58,3,19,1,5,3,0.84700,-0.48901,19 156 157
58,59,3,20,0,5,4,0.91904,-0.33450,20 158 159 160
59,60,3,20,1,5,3,0.95665,-0.20334,20 161 162
60,61,3,20,2,5,4,0.97564,-0.06822,20 163 164 165
61,62,4,21,0,5,4,0.99479,0.02315,21 166 167 168
62,63,4,21,1,5,3,0.99263,0.06941,21 169 170
63,64,4,21,2,5,4,0.98833,0.11552,21 171 172 173
64,65,4,22,0,5,4,0.97994,0.17279,22 174 175 176
65,66,4,22,1,5,3,0.96550,0.24073,22 177 178
66,67,4,23,0,5,4,0.94987,0.29646,23 179 180 181
67,68,4,23,1,5,3,0.93505,0.34033,23 182 183
68,69,4,23,2,5,4,0.91820,0.38346,23 184 185 186
69,70,4,24,0,5,4,0.89435,0.43620,24 187 188 189
70,71,4,24,1,5,3,0.86174,0.49753,24 190 191
71,72,4,24,2,5,4,0.82494,0.55643,24 192 193 194
72,73,4,25,0,5,4,0.77330,0.62621,25 195 196 197
73,74,4,25,1,5,3,0.70361,0.70361,25 198 199
74,75,4,26,0,5,4,0.64843,0.75476,26 200 201 202
75,76,4,26,1,5,3,0.61262,0.78411,26 203 204
76,77,4,26,2,5,4,0.57547,0.81177,26 205 206 207
77,78,4,27,0,5,4,0.52730,0.84385,27 208 209 210
78,79,4,27,1,5,3,0.46715,0.87858,27 211 212
79,80,4,28,0,5,4,0.41527,0.90426,28 213 214 215
80,81,4,28,1,5,3,0.37275,0.92260,28 216 217
81,82,4,28,2,5,4,0.32943,0.93894,28 218 219 220
82,83,4,29,0,5,4,0.28538,0.95325,29 221 222 223
83,84,4,29,1,5,3,0.24073,0.96550,29 224 225
84,85,4,29,2,5,4,0.19554,0.97565,29 226 227 228
85,86,4,30,0,5,4,0.13848,0.98537,30 229 230 231
86,87,4,30,1,5,3,0.06941,0.99263,30 232 233
87,88,4,31,0,5,4,0.01158,0.99499,31 234 235 236
88,89,4,31,1,5,3,-0.03473,0.99445,31 237 238
89,90,4,31,2,5,4,-0.08096,0.99176,31 239 240 241
90,91,4,32,0,5,4,-0.13848,0.98537,32 242 243 244
91,92,4,32,1,5,3,-0.20688,0.97331,32 245 246
92,93,4,32,2,5,4,-0.27427,0.95651,32 247 248 249
93,94,4,33,0,5,4,-0.35660,0.92896,33 250 251 252
94,95,4,33,1,5,3,-0.45175,0.88660,33 253 254
95,96,4,34,0,5,4,-0.51744,0.84993,34 255 256 257
96,97,4,34,1,5,3,-0.55643,0.82494,34 258 259
97,98,4,34,2,5,4,-0.59421,0.79816,34 260 261 262
98,99,4,35,0,5,4,-0.63961,0.76226,35 263 264 265
99,100,4,35,1,5,3,-0.69122,0.71578,35 266 267
100,101,4,36,0,5,4,-0.73167,0.67438,36 268 269 270
101,102,4,36,1,5,3,-0.76226,0.63961,36 271 272
102,103,4,36,2,5,4,-0.79119,0.60345,36 273 274 275
103,104,4,37,0,5,4,-0.81841,0.56599,37 276 277 278
104,105,4,37,1,5,3,-0.84385,0.52730,37 279 280
105,106,4,37,2,5,4,-0.86747,0.48747,37 281 282 283
106,107,4,38,0,5,4,-0.89435,0.43620,38 284 285 286
107,108,4,38,1,5,3,-0.92260,0.37275,38 287 288
108,109,4,39,0,5,4,-0.94271,0.31848,39 289 290 291
109,110,4,39,1,5,3,-0.95651,0.27427,39 292 293
110,111,4,39,2,5,4,-0.96823,0.22948,39 294 295 296
111,112,4,40,0,5,4,-0.97994,0.17279,40 297 298 299
112,113,4,40,1,5,3,-0.98960,0.10401,40 300 301
113,114,4,40,2,5,4,-0.99445,0.03473,40 302 303 304
114,115,4,41,0,5,4,-0.99369,-0.05208,41 305 306 307
115,116,4,41,1,5,3,-0.98280,-0.15566,41 308 309
116,117,4,42,0,5,4,-0.96823,-0.22948,42 310 311 312
117,118,4,42,1,5,3,-0.95651,-0.27427,42 313 314
118,119,4,42,2,5,4,-0.94271,-0.31848,42 315 316 317
119,120,4,43,0,5,4,-0.92260,-0.37275,43 318 319 320
120,121,4,43,1,5,3,-0.89435,-0.43620,43 321 322
121,122,4,44,0,5,4,-0.86747,-0.48747,44 323 324 325
122,123,4,44,1,5,3,-0.84385,-0.52730,44 326 327
123,124,4,44,2,5,4,-0.81841,-0.56599,44 328 329 330
124,125,4,45,0,5,4,-0.79119,-0.60345,45 331 332 333
125,126,4,45,1,5,3,-0.76226,-0.63961,45 334 335
126,127,4,45,2,5,4,-0.73167,-0.67438,45 336 337 338
127,128,4,46,0,5,4,-0.69122,-0.71578,46 339 340 341
128,129,4,46,1,5,3,-0.63961,-0.76226,46 342 343
129,130,4,47,0,5,4,-0.59421,-0.79816,47 344 345 346
130,131,4,47,1,5,3,-0.55643,-0.82494,47 347 348
131,132,4,47,2,5,4,-0.51744,-0.84993,47 349 350 351
132,133,4,48,0,5,4,-0.46715,-0.87858,48 352 353 354
133,134,4,48,1,5,3,-0.40473,-0.90903,48 355 356
134,135,4,48,2,5,4,-0.34033,-0.93505,48 357 358 359
135,136,4,49,0,5,4,-0.25754,-0.96115,49 360 361 362
136,137,4,49,1,5,3,-0.15566,-0.98280,49 363 364
137,138,4,50,0,5,4,-0.08096,-0.99176,50 365 366 367
138,139,4,50,1,5,3,-0.03473,-0.99445,50 368 369
139,140,4,50,2,5,4,0.01158,-0.99499,50 370 371 372
140,141,4,51,0,5,4,0.06941,-0.99263,51 373 374 375
141,142,4,51,1,5,3,0.13848,-0.98537,51 376 377
142,143,4,52,0,5,4,0.19554,-0.97565,52 378 379 380
143,144,4,52,1,5,3,0.24073,-0.96550,52 381 382
144,145,4,52,2,5,4,0.28538,-0.95325,52 383 384 385
145,146,4,53,0,5,4,0.32943,-0.93894,53 386 387 388
146,147,4,53,1,5,3,0.37275,-0.92260,53 389 390
147,148,4,53,2,5,4,0.41527,-0.90426,53 391 392 393
148,149,4,54,0,5,4,0.46715,-0.87858,54 394 395 396
149,150,4,54,1,5,3,0.52730,-0.84385,54 397 398
150,151,4,55,0,5,4,0.57547,-0.81177,55 399 400 401
151,152,4,55,1,5,3,0.61262,-0.78411,55 402 403
152,153,4,55,2,5,4,0.64843,-0.75476,55 404 405 406
153,154,4,56,0,5,4,0.69122,-0.71578,56 407 408 409
154,155,4,56,1,5,3,0.73947,-0.66582,56 410 411
155,156,4,56,2,5,4,0.78411,-0.61262,56 412 413 414
156,157,4,57,0,5,4,0.83452,-0.54195,57 415 416 417
157,158,4,57,1,5,3,0.88660,-0.45175,57 418 419
158,159,4,58,0,5,4,0.91820,-0.38346,58 420 421 422
159,160,4,58,1,5,3,0.93505,-0.34033,58 423 424
160,161,4,58,2,5,4,0.94987,-0.29646,58 425 426 427
161,162,4,59,0,5,4,0.96550,-0.24073,59 428 429 430
162,163,4,59,1,5,3,0.97994,-0.17279,59 431 432
163,164,4,60,0,5,4,0.98833,-0.11552,60 433 434 435
164,165,4,60,1,5,3,0.99263,-0.06941,60 436 437
165,166,4,60,2,5,4,0.99479,-0.02315,60 438 439 440
166,167,5,61,0,5,4,0.99886,0.00775,61 441 442 443
167,168,5,61,1,5,3,0.99862,0.02324,61 444 445
168,169,5,61,2,5,4,0.99814,0.03873,61 446 447 448
169,170,5,62,0,5,4,0.99720,0.05808,62 449 450 451
170,171,5,62,1,5,3,0.99558,0.08127,62 452 453
171,172,5,63,0,5,4,0.99382,0.10056,63 454 455 456
172,173,5,63,1,5,3,0.99214,0.11596,63 457 458
173,174,5,63,2,5,4,0.99022,0.13134,63 459 460 461
174,175,5,64,0,5,4,0.98749,0.15052,64 462 463 464
175,176,5,64,1,5,3,0.98372,0.17346,64 465 466
176,177,5,64,2,5,4,0.97942,0.19630,64 467 468 469
177,178,5,65,0,5,4,0.97329,0.22470,65 470 471 472
178,179,5,65,1,5,3,0.96486,0.25853,65 473 474
179,180,5,66,0,5,4,0.95803,0.28277,66 475 476 477
180,181,5,66,1,5,3,0.95353,0.29760,66 478 479
181,182,5,66,2,5,4,0.94880,0.31236,66 480 481 482
182,183,5,67,0,5,4,0.94257,0.33070,67 483 484 485
183,184,5,67,1,5,3,0.93462,0.35254,67 486 487
184,185,5,68,0,5,4,0.92760,0.37060,68 488 489 490
185,186,5,68,1,5,3,0.92174,0.38494,68 491 492
186,187,5,68,2,5,4,0.91566,0.39920,68 493 494 495
187,188,5,69,0,5,4,0.90775,0.41688,69 496 497 498
188,189,5,69,1,5,3,0.89780,0.43789,69 499 500
189,190,5,69,2,5,4,0.88737,0.45866,69 501 502 503
190,191,5,70,0,5,4,0.87365,0.48427,70 504 505 506
191,192,5,70,1,5,3,0.85622,0.51447,70 507 508
192,193,5,71,0,5,4,0.84089,0.53915,71 509 510 511
193,194,5,71,1,5,3,0.82812,0.55857,71 512 513
194,195,5,71,2,5,4,0.81490,0.57769,71 514 515 516
195,196,5,72,0,5,4,0.79775,0.60115,72 517 518 519
196,197,5,72,1,5,3,0.77629,0.62862,72 520 521
197,198,5,72,2,5,4,0.75388,0.65533,72 522 523 524
198,199,5,73,0,5,4,0.72457,0.68759,73 525 526 527
199,200,5,73,1,5,3,0.68759,0.72457,73 528 529
200,201,5,74,0,5,4,0.66261,0.74749,74 530 531 532
201,202,5,74,1,5,3,0.65094,0.75768,74 533 534
202,203,5,74,2,5,4,0.63910,0.76768,74 535 536 537
203,204,5,75,0,5,4,0.62410,0.77993,75 538 539 540
204,205,5,75,1,5,3,0.60578,0.79424,75 541 542
205,206,5,76,0,5,4,0.59027,0.80584,76 543 544 545
206,207,5,76,1,5,3,0.57769,0.81490,76 546 547
207,208,5,76,2,5,4,0.56498,0.82376,76 548 549 550
208,209,5,77,0,5,4,0.54890,0.83456,77 551 552 553
209,210,5,77,1,5,3,0.52933,0.84711,77 554 555
210,211,5,77,2,5,4,0.50948,0.85920,77 556 557 558
211,212,5,78,0,5,4,0.48427,0.87365,78 559 560 561
212,213,5,78,1,5,3,0.45349,0.89002,78 562 563
213,214,5,79,0,5,4,0.43091,0.90117,79 564 565 566
214,215,5,79,1,5,3,0.41688,0.90775,79 567 568
215,216,5,79,2,5,4,0.40274,0.91410,79 569 570 571
216,217,5,80,0,5,4,0.38494,0.92174,80 572 573 574
217,218,5,80,1,5,3,0.36339,0.93045,80 575 576
218,219,5,81,0,5,4,0.34528,0.93732,81 577 578 579
219,220,5,81,1,5,3,0.33070,0.94257,81 580 581
220,221,5,81,2,5,4,0.31604,0.94758,81 582 583 584
221,222,5,82,0,5,4,0.30130,0.95237,82 585 586 587
222,223,5,82,1,5,3,0.28649,0.95693,82 588 589
223,224,5,82,2,5,4,0.27161,0.96126,82 590 591 592
224,225,5,83,0,5,4,0.25292,0.96635,83 593 594 595
225,226,5,83,1,5,3,0.23036,0.97197,83 596 597
226,227,5,84,0,5,4,0.21147,0.97625,84 598 599 600
227,228,5,84,1,5,3,0.19630,0.97942,84 601 602
228,229,5,84,2,5,4,0.18108,0.98234,84 603 604 605
229,230,5,85,0,5,4,0.16200,0.98567,85 606 607 608
230,231,5,85,1,5,3,0.13902,0.98917,85 609 610
231,232,5,85,2,5,4,0.11596,0.99214,85 611 612 613
232,233,5,86,0,5,4,0.08706,0.99509,86 614 615 616
233,234,5,86,1,5,3,0.05228,0.99753,86 617 618
234,235,5,87,0,5,4,0.02712,0.99853,87 619 620 621
235,236,5,87,1,5,3,0.01162,0.99883,87 622 623
236,237,5,87,2,5,4,-0.00387,0.99889,87 624 625 626
237,238,5,88,0,5,4,-0.02324,0.99862,88 627 628 629
238,239,5,88,1,5,3,-0.04647,0.99781,88 630 631
239,240,5,89,0,5,4,-0.06581,0.99672,89 632 633 634
240,241,5,89,1,5,3,-0.08127,0.99558,89 635 636
241,242,5,89,2,5,4,-0.09670,0.99420,89 637 638 639
242,243,5,90,0,5,4,-0.11596,0.99214,90 640 641 642
243,244,5,90,1,5,3,-0.13902,0.98917,90 643 644
244,245,5,90,2,5,4,-0.16200,0.98567,90 645 646 647
245,246,5,91,0,5,4,-0.19060,0.98054,91 648 649 650
246,247,5,91,1,5,3,-0.22470,0.97329,91 651 652
247,248,5,92,0,5,4,-0.25292,0.96635,92 653 654 655
248,249,5,92,1,5,3,-0.27533,0.96020,92 656 657
249,250,5,92,2,5,4,-0.29760,0.95353,92 658 659 660
250,251,5,93,0,5,4,-0.32521,0.94447,93 661 662 663
251,252,5,93,1,5,3,-0.35797,0.93255,93 664 665
252,253,5,93,2,5,4,-0.39030,0.91949,93 666 667 668
253,254,5,94,0,5,4,-0.43004,0.90159,94 669 670 671
254,255,5,94,1,5,3,-0.47663,0.87785,94 672 673
255,256,5,95,0,5,4,-0.50614,0.86117,95 674 675 676
256,257,5,95,1,5,3,-0.51944,0.85321,95 677 678
257,258,5,95,2,5,4,-0.53261,0.84505,95 679 680 681
258,259,5,96,0,5,4,-0.54890,0.83456,96 682 683 684
259,260,5,96,1,5,3,-0.56817,0.82157,96 685 686
260,261,5,97,0,5,4,-0.58400,0.81039,97 687 688 689
261,262,5,97,1,5,3,-0.59650,0.80124,97 690 691
262,263,5,97,2,5,4,-0.60886,0.79189,97 692 693 694
263,264,5,98,0,5,4,-0.62410,0.77993,98 695 696 697
264,265,5,98,1,5,3,-0.64208,0.76520,98 698 699
265,266,5,98,2,5,4,-0.65971,0.75005,98 700 701 702
266,267,5,99,0,5,4,-0.68124,0.73055,99 703 704 705
267,268,5,99,1,5,3,-0.70633,0.70633,99 706 707
268,269,5,100,0,5,4,-0.72391,0.68830,100 708 709 710
269,270,5,100,1,5,3,-0.73450,0.67698,100 711 712
270,271,5,100,2,5,4,-0.74491,0.66551,100 713 714 715
271,272,5,101,0,5,4,-0.75768,0.65094,101 716 717 718
272,273,5,101,1,5,3,-0.77262,0.63313,101 719 720
273,274,5,102,0,5,4,-0.78475,0.61803,102 721 722 723
274,275,5,102,1,5,3,-0.79424,0.60578,102 724 725
275,276,5,102,2,5,4,-0.80354,0.59339,102 726 727 728
276,277,5,103,0,5,4,-0.81265,0.58085,103 729 730 731
277,278,5,103,1,5,3,-0.82157,0.56817,103 732 733
278,279,5,103,2,5,4,-0.83028,0.55536,103 734 735 736
279,280,5,104,0,5,4,-0.84089,0.53915,104 737 738 739
280,281,5,104,1,5,3,-0.85321,0.51944,104 740 741
281,282,5,105,0,5,4,-0.86312,0.50280,105 742 743 744
282,283,5,105,1,5,3,-0.87082,0.48935,105 745 746
283,284,5,105,2,5,4,-0.87831,0.47578,105 747 748 749
284,285,5,106,0,5,4,-0.88737,0.45866,106 750 751 752
285,286,5,106,1,5,3,-0.89780,0.43789,106 753 754
286,287,5,106,2,5,4,-0.90775,0.41688,106 755 756 757
287,288,5,107,0,5,4,-0.91949,0.39030,107 758 759 760
288,289,5,107,1,5,3,-0.93255,0.35797,107 761 762
289,290,5,108,0,5,4,-0.94128,0.33435,108 763 764 765
290,291,5,108,1,5,3,-0.94635,0.31971,108 766 767
291,292,5,108,2,5,4,-0.95120,0.30499,108 768 769 770
292,293,5,109,0,5,4,-0.95693,0.28649,109 771 772 773
293,294,5,109,1,5,3,-0.96334,0.26414,109 774 775
294,295,5,110,0,5,4,-0.96828,0.24541,110 776 777 778
295,296,5,110,1,5,3,-0.97197,0.23036,110 779 780
296,297,5,110,2,5,4,-0.97543,0.21525,110 781 782 783
297,298,5,111,0,5,4,-0.97942,0.19630,111 784 785 786
298,299,5,111,1,5,3,-0.98372,0.17346,111 787 788
299,300,5,111,2,5,4,-0.98749,0.15052,111 789 790 791
300,301,5,112,0,5,4,-0.99145,0.12173,112 792 793 794
301,302,5,112,1,5,3,-0.99509,0.08706,112 795 796
302,303,5,113,0,5,4,-0.99720,0.05808,113 797 798 799
303,304,5,113,1,5,3,-0.99829,0.03486,113 800 801
304,305,5,113,2,5,4,-0.99883,0.01162,113 802 803 804
305,306,5,114,0,5,4,-0.99874,-0.01743,114 805 806 807
306,307,5,114,1,5,3,-0.99753,-0.05228,114 808 809
307,308,5,114,2,5,4,-0.99509,-0.08706,114 810 811 812
308,309,5,115,0,5,4,-0.99035,-0.13038,115 813 814 815
309,310,5,115,1,5,3,-0.98217,-0.18203,115 816 817
310,311,5,116,0,5,4,-0.97543,-0.21525,116 818 819 820
311,312,5,116,1,5,3,-0.97197,-0.23036,116 821 822
312,313,5,116,2,5,4,-0.96828,-0.24541,116 823 824 825
313,314,5,117,0,5,4,-0.96334,-0.26414,117 826 827 828
314,315,5,117,1,5,3,-0.95693,-0.28649,117 829 830
315,316,5,118,0,5,4,-0.95120,-0.30499,118 831 832 833
316,317,5,118,1,5,3,-0.94635,-0.31971,118 834 835
317,318,5,118,2,5,4,-0.94128,-0.33435,118 836 837 838
318,319,5,119,0,5,4,-0.93462,-0.35254,119 839 840 841
319,320,5,119,1,5,3,-0.92616,-0.37419,119 842 843
320,321,5,119,2,5,4,-0.91720,-0.39564,119 844 845 846
321,322,5,120,0,5,4,-0.90531,-0.42215,120 847 848 849
322,323,5,120,1,5,3,-0.89002,-0.45349,120 850 851
323,324,5,121,0,5,4,-0.87831,-0.47578,121 852 853 854
324,325,5,121,1,5,3,-0.87082,-0.48935,121 855 856
325,326,5,121,2,5,4,-0.86312,-0.50280,121 857 858 859
326,327,5,122,0,5,4,-0.85321,-0.51944,122 860 861 862
327,328,5,122,1,5,3,-0.84089,-0.53915,122 863 864
328,329,5,123,0,5,4,-0.83028,-0.55536,123 865 866 867
329,330,5,123,1,5,3,-0.82157,-0.56817,123 868 869
330,331,5,123,2,5,4,-0.81265,-0.58085,123 870 871 872
331,332,5,124,0,5,4,-0.80354,-0.59339,124 873 874 875
332,333,5,124,1,5,3,-0.79424,-0.60578,124 876 877
333,334,5,124,2,5,4,-0.78475,-0.61803,124 878 879 880
334,335,5,125,0,5,4,-0.77262,-0.63313,125 881 882 883
335,336,5,125,1,5,3,-0.75768,-0.65094,125 884 885
336,337,5,126,0,5,4,-0.74491,-0.66551,126 886 887 888
337,338,5,126,1,5,3,-0.73450,-0.67698,126 889 890
338,339,5,126,2,5,4,-0.72391,-0.68830,126 891 892 893
339,340,5,127,0,5,4,-0.71042,-0.70220,127 894 895 896
340,341,5,127,1,5,3,-0.69389,-0.71854,127 897 898
341,342,5,127,2,5,4,-0.67698,-0.73450,127 899 900 901
342,343,5,128,0,5,4,-0.65533,-0.75388,128 902 903 904
343,344,5,128,1,5,3,-0.62862,-0.77629,128 905 906
344,345,5,129,0,5,4,-0.60886,-0.79189,129 907 908 909
345,346,5,129,1,5,3,-0.59650,-0.80124,129 910 911
346,347,5,129,2,5,4,-0.58400,-0.81039,129 912 913 914
347,348,5,130,0,5,4,-0.56817,-0.82157,130 915 916 917
348,349,5,130,1,5,3,-0.54890,-0.83456,130 918 919
349,350,5,131,0,5,4,-0.53261,-0.84505,131 920 921 922
350,351,5,131,1,5,3,-0.51944,-0.85321,131 923 924
351,352,5,131,2,5,4,-0.50614,-0.86117,131 925 926 927
352,353,5,132,0,5,4,-0.48935,-0.87082,132 928 929 930
353,354,5,132,1,5,3,-0.46895,-0.88197,132 931 932
354,355,5,132,2,5,4,-0.44830,-0.89264,132 933 934 935
355,356,5,133,0,5,4,-0.42215,-0.90531,133 936 937 938
356,357,5,133,1,5,3,-0.39030,-0.91949,133 939 940
357,358,5,134,0,5,4,-0.36339,-0.93045,134 941 942 943
358,359,5,134,1,5,3,-0.34164,-0.93865,134 944 945
359,360,5,134,2,5,4,-0.31971,-0.94635,134 946 947 948
360,361,5,135,0,5,4,-0.29205,-0.95525,135 949 950 951
361,362,5,135,1,5,3,-0.25853,-0.96486,135 952 953
362,363,5,135,2,5,4,-0.22470,-0.97329,135 954 955 956
363,364,5,136,0,5,4,-0.18203,-0.98217,136 957 958 959
364,365,5,136,1,5,3,-0.13038,-0.99035,136 960 961
365,366,5,137,0,5,4,-0.09670,-0.99420,137 962 963 964
366,367,5,137,1,5,3,-0.08127,-0.99558,137 965 966
367,368,5,137,2,5,4,-0.06581,-0.99672,137 967 968 969
368,369,5,138,0,5,4,-0.04647,-0.99781,138 970 971 972
369,370,5,138,1,5,3,-0.02324,-0.99862,138 973 974
370,371,5,139,0,5,4,-0.00387,-0.99889,139 975 976 977
371,372,5,139,1,5,3,0.01162,-0.99883,139 978 979
372,373,5,139,2,5,4,0.02712,-0.99853,139 980 981 982
373,374,5,140,0,5,4,0.04647,-0.99781,140 983 984 985
374,375,5,140,1,5,3,0.06968,-0.99646,140 986 987
375,376,5,140,2,5,4,0.09285,-0.99457,140 988 989 990
376,377,5,141,0,5,4,0.12173,-0.99145,141 991 992 993
377,378,5,141,1,5,3,0.15626,-0.98660,141 994 995
378,379,5,142,0,5,4,0.18108,-0.98234,142 996 997 998
379,380,5,142,1,5,3,0.19630,-0.97942,142 999 1000
380,381,5,142,2,5,4,0.21147,-0.97625,142 1001 1002 1003
381,382,5,143,0,5,4,0.23036,-0.97197,143 1004 1005 1006
382,383,5,143,1,5,3,0.25292,-0.96635,143 1007 1008
383,384,5,144,0,5,4,0.27161,-0.96126,144 1009 1010 1011
384,385,5,144,1,5,3,0.28649,-0.95693,144 1012 1013
385,386,5,144,2,5,4,0.30130,-0.95237,144 1014 1015 1016
386,387,5,145,0,5,4,0.31604,-0.94758,145 1017 1018 1019
387,388,5,145,1,5,3,0.33070,-0.94257,145 1020 1021
388,389,5,145,2,5,4,0.34528,-0.93732,145 1022 1023 1024
389,390,5,146,0,5,4,0.36339,-0.93045,146 1025 1026 1027
390,391,5,146,1,5,3,0.38494,-0.92174,146 1028 1029
391,392,5,147,0,5,4,0.40274,-0.91410,147 1030 1031 1032
392,393,5,147,1,5,3,0.41688,-0.90775,147 1033 1034
393,394,5,147,2,5,4,0.43091,-0.90117,147 1035 1036 1037
394,395,5,148,0,5,4,0.44830,-0.89264,148 1038 1039 1040
395,396,5,148,1,5,3,0.46895,-0.88197,148 1041 1042
396,397,5,148,2,5,4,0.48935,-0.87082,148 1043 1044 1045
397,398,5,149,0,5,4,0.51447,-0.85622,149 1046 1047 1048
398,399,5,149,1,5,3,0.54404,-0.83774,149 1049 1050
399,400,5,150,0,5,4,0.56498,-0.82376,150 1051 1052 1053
400,401,5,150,1,5,3,0.57769,-0.81490,150 1054 1055
401,402,5,150,2,5,4,0.59027,-0.80584,150 1056 1057 1058
402,403,5,151,0,5,4,0.60578,-0.79424,151 1059 1060 1061
403,404,5,151,1,5,3,0.62410,-0.77993,151 1062 1063
404,405,5,152,0,5,4,0.63910,-0.76768,152 1064 1065 1066
405,406,5,152,1,5,3,0.65094,-0.75768,152 1067 1068
406,407,5,152,2,5,4,0.66261,-0.74749,152 1069 1070 1071
407,408,5,153,0,5,4,0.67698,-0.73450,153 1072 1073 1074
408,409,5,153,1,5,3,0.69389,-0.71854,153 1075 1076
409,410,5,153,2,5,4,0.71042,-0.70220,153 1077 1078 1079
410,411,5,154,0,5,4,0.73055,-0.68124,154 1080 1081 1082
411,412,5,154,1,5,3,0.75388,-0.65533,154 1083 1084
412,413,5,155,0,5,4,0.77262,-0.63313,155 1085 1086 1087
413,414,5,155,1,5,3,0.78714,-0.61498,155 1088 1089
414,415,5,155,2,5,4,0.80124,-0.59650,155 1090 1091 1092
415,416,5,156,0,5,4,0.81825,-0.57294,156 1093 1094 1095
416,417,5,156,1,5,3,0.83774,-0.54404,156 1096 1097
417,418,5,156,2,5,4,0.85622,-0.51447,156 1098 1099 1100
418,419,5,157,0,5,4,0.87785,-0.47663,157 1101 1102 1103
419,420,5,157,1,5,3,0.90159,-0.43004,157 1104 1105
420,421,5,158,0,5,4,0.91566,-0.39920,158 1106 1107 1108
421,422,5,158,1,5,3,0.92174,-0.38494,158 1109 1110
422,423,5,158,2,5,4,0.92760,-0.37060,158 1111 1112 1113
423,424,5,159,0,5,4,0.93462,-0.35254,159 1114 1115 1116
424,425,5,159,1,5,3,0.94257,-0.33070,159 1117 1118
425,426,5,160,0,5,4,0.94880,-0.31236,160 1119 1120 1121
426,427,5,160,1,5,3,0.95353,-0.29760,160 1122 1123
427,428,5,160,2,5,4,0.95803,-0.28277,160 1124 1125 1126
428,429,5,161,0,5,4,0.96334,-0.26414,161 1127 1128 1129
429,430,5,161,1,5,3,0.96922,-0.24165,161 1130 1131
430,431,5,161,2,5,4,0.97458,-0.21904,161 1132 1133 1134
431,432,5,162,0,5,4,0.98054,-0.19060,162 1135 1136 1137
432,433,5,162,1,5,3,0.98660,-0.15626,162 1138 1139
433,434,5,163,0,5,4,0.99022,-0.13134,163 1140 1141 1142
434,435,5,163,1,5,3,0.99214,-0.11596,163 1143 1144
435,436,5,163,2,5,4,0.99382,-0.10056,163 1145 1146 1147
436,437,5,164,0,5,4,0.99558,-0.08127,164 1148 1149 1150
437,438,5,164,1,5,3,0.99720,-0.05808,164 1151 1152
438,439,5,165,0,5,4,0.99814,-0.03873,165 1153 1154 1155
439,440,5,165,1,5,3,0.99862,-0.02324,165 1156 1157
440,441,5,165,2,5,4,0.99886,-0.00775,165 1158 1159 1160
441,442,6,166,0,5,1,0.99975,0.00259,166
442,443,6,166,1,5,1,0.99972,0.00776,166
443,444,6,166,2,5,1,0.99967,0.01292,166
444,445,6,167,0,5,1,0.99957,0.01939,167
445,446,6,167,1,5,1,0.99938,0.02714,167
446,447,6,168,0,5,1,0.99919,0.03360,168
447,448,6,168,1,5,1,0.99900,0.03877,168
448,449,6,168,2,5,1,0.99879,0.04393,168
449,450,6,169,0,5,1,0.99848,0.05039,169
450,451,6,169,1,5,1,0.99806,0.05813,169
451,452,6,169,2,5,1,0.99758,0.06587,169
452,453,6,170,0,5,1,0.99690,0.07554,170
453,454,6,170,1,5,1,0.99595,0.08713,170
454,455,6,171,0,5,1,0.99518,0.09550,171
455,456,6,171,1,5,1,0.99467,0.10065,171
456,457,6,171,2,5,1,0.99414,0.10579,171
457,458,6,172,0,5,1,0.99344,0.11221,172
458,459,6,172,1,5,1,0.99254,0.11991,172
459,460,6,173,0,5,1,0.99174,0.12633,173
460,461,6,173,1,5,1,0.99107,0.13146,173
461,462,6,173,2,5,1,0.99038,0.13658,173
462,463,6,174,0,5,1,0.98948,0.14298,174
463,464,6,174,1,5,1,0.98834,0.15065,174
464,465,6,174,2,5,1,0.98714,0.15831,174
465,466,6,175,0,5,1,0.98556,0.16787,175
466,467,6,175,1,5,1,0.98354,0.17933,175
467,468,6,176,0,5,1,0.98175,0.18886,176
468,469,6,176,1,5,1,0.98026,0.19647,176
469,470,6,176,2,5,1,0.97871,0.20407,176
470,471,6,177,0,5,1,0.97668,0.21355,177
471,472,6,177,1,5,1,0.97413,0.22490,177
472,473,6,177,2,5,1,0.97145,0.23621,177
473,474,6,178,0,5,1,0.96791,0.25032,178
474,475,6,178,1,5,1,0.96339,0.26717,178
475,476,6,179,0,5,1,0.96031,0.27805,179
476,477,6,179,1,5,1,0.95886,0.28302,179
477,478,6,179,2,5,1,0.95738,0.28797,179
478,479,6,180,0,5,1,0.95550,0.29415,180
479,480,6,180,1,5,1,0.95319,0.30156,180
480,481,6,181,0,5,1,0.95122,0.30771,181
481,482,6,181,1,5,1,0.94962,0.31263,181
482,483,6,181,2,5,1,0.94799,0.31753,181
483,484,6,182,0,5,1,0.94591,0.32365,182
484,485,6,182,1,5,1,0.94338,0.33098,182
485,486,6,182,2,5,1,0.94078,0.33829,182
486,487,6,183,0,5,1,0.93746,0.34740,183
487,488,6,183,1,5,1,0.93335,0.35828,183
488,489,6,184,0,5,1,0.93031,0.36611,184
489,490,6,184,1,5,1,0.92840,0.37092,184
490,491,6,184,2,5,1,0.92647,0.37571,184
491,492,6,185,0,5,1,0.92402,0.38169,185
492,493,6,185,1,5,1,0.92103,0.38885,185
493,494,6,186,0,5,1,0.91850,0.39479,186
494,495,6,186,1,5,1,0.91645,0.39954,186
495,496,6,186,2,5,1,0.91437,0.40427,186
496,497,6,187,0,5,1,0.91174,0.41018,187
497,498,6,187,1,5,1,0.90853,0.41724,187
498,499,6,187,2,5,1,0.90526,0.42427,187
499,500,6,188,0,5,1,0.90111,0.43303,188
500,501,6,188,1,5,1,0.89601,0.44348,188
501,502,6,189,0,5,1,0.89167,0.45215,189
502,503,6,189,1,5,1,0.88813,0.45905,189
503,504,6,189,2,5,1,0.88454,0.46593,189
504,505,6,190,0,5,1,0.87998,0.47448,190
505,506,6,190,1,5,1,0.87440,0.48469,190
506,507,6,190,2,5,1,0.86871,0.49483,190
507,508,6,191,0,5,1,0.86142,0.50741,191
508,509,6,191,1,5,1,0.85243,0.52237,191
509,510,6,192,0,5,1,0.84578,0.53307,192
510,511,6,192,1,5,1,0.84162,0.53962,192
511,512,6,192,2,5,1,0.83741,0.54613,192
512,513,6,193,0,5,1,0.83207,0.55422,193
513,514,6,193,1,5,1,0.82557,0.56387,193
514,515,6,194,0,5,1,0.82006,0.57185,194
515,516,6,194,1,5,1,0.81560,0.57819,194
516,517,6,194,2,5,1,0.81109,0.58450,194
517,518,6,195,0,5,1,0.80538,0.59234,195
518,519,6,195,1,5,1,0.79844,0.60167,195
519,520,6,195,2,5,1,0.79138,0.61092,195
520,521,6,196,0,5,1,0.78242,0.62236,196
521,522,6,196,1,5,1,0.77143,0.63592,196
522,523,6,197,0,5,1,0.76210,0.64707,197
523,524,6,197,1,5,1,0.75452,0.65590,197
524,525,6,197,2,5,1,0.74684,0.66463,197
525,526,6,198,0,5,1,0.73710,0.67542,198
526,527,6,198,1,5,1,0.72520,0.68818,198
527,528,6,198,2,5,1,0.71307,0.70074,198
528,529,6,199,0,5,1,0.69762,0.71613,199
529,530,6,199,1,5,1,0.67863,0.73414,199
530,531,6,200,0,5,1,0.66704,0.74469,200
531,532,6,200,1,5,1,0.66318,0.74813,200
532,533,6,200,2,5,1,0.65930,0.75155,200
533,534,6,201,0,5,1,0.65443,0.75579,201
534,535,6,201,1,5,1,0.64855,0.76085,201
535,536,6,202,0,5,1,0.64362,0.76502,202
536,537,6,202,1,5,1,0.63965,0.76834,202
537,538,6,202,2,5,1,0.63567,0.77164,202
538,539,6,203,0,5,1,0.63067,0.77573,203
539,540,6,203,1,5,1,0.62463,0.78060,203
540,541,6,203,2,5,1,0.61856,0.78542,203
541,542,6,204,0,5,1,0.61092,0.79138,204
542,543,6,204,1,5,1,0.60167,0.79844,204
543,544,6,205,0,5,1,0.59494,0.80347,205
544,545,6,205,1,5,1,0.59077,0.80653,205
545,546,6,205,2,5,1,0.58659,0.80958,205
546,547,6,206,0,5,1,0.58135,0.81335,206
547,548,6,206,1,5,1,0.57502,0.81784,206
548,549,6,207,0,5,1,0.56972,0.82154,207
549,550,6,207,1,5,1,0.56547,0.82447,207
550,551,6,207,2,5,1,0.56120,0.82738,207
551,552,6,208,0,5,1,0.55584,0.83100,208
552,553,6,208,1,5,1,0.54937,0.83528,208
553,554,6,208,2,5,1,0.54288,0.83952,208
554,555,6,209,0,5,1,0.53471,0.84474,209
555,556,6,209,1,5,1,0.52485,0.85091,209
556,557,6,210,0,5,1,0.51657,0.85596,210
557,558,6,210,1,5,1,0.50992,0.85994,210
558,559,6,210,2,5,1,0.50323,0.86387,210
559,560,6,211,0,5,1,0.49483,0.86871,211
560,561,6,211,1,5,1,0.48469,0.87440,211
561,562,6,211,2,5,1,0.47448,0.87998,211
562,563,6,212,0,5,1,0.46163,0.88679,212
563,564,6,212,1,5,1,0.44609,0.89471,212
564,565,6,213,0,5,1,0.43594,0.89970,213
565,566,6,213,1,5,1,0.43128,0.90194,213
566,567,6,213,2,5,1,0.42661,0.90416,213
567,568,6,214,0,5,1,0.42076,0.90690,214
568,569,6,214,1,5,1,0.41371,0.91014,214
569,570,6,215,0,5,1,0.40782,0.91279,215
570,571,6,215,1,5,1,0.40309,0.91489,215
571,572,6,215,2,5,1,0.39835,0.91696,215
572,573,6,216,0,5,1,0.39242,0.91952,216
573,574,6,216,1,5,1,0.38527,0.92253,216
574,575,6,216,2,5,1,0.37811,0.92550,216
575,576,6,217,0,5,1,0.36912,0.92912,217
576,577,6,217,1,5,1,0.35828,0.93335,217
577,578,6,218,0,5,1,0.35042,0.93633,218
578,579,6,218,1,5,1,0.34558,0.93813,218
579,580,6,218,2,5,1,0.34072,0.93990,218
580,581,6,219,0,5,1,0.33464,0.94208,219
581,582,6,219,1,5,1,0.32732,0.94465,219
582,583,6,220,0,5,1,0.32121,0.94675,220
583,584,6,220,1,5,1,0.31631,0.94840,220
584,585,6,220,2,5,1,0.31140,0.95002,220
585,586,6,221,0,5,1,0.30648,0.95162,221
586,587,6,221,1,5,1,0.30156,0.95319,221
587,588,6,221,2,5,1,0.29662,0.95474,221
588,589,6,222,0,5,1,0.29044,0.95663,222
589,590,6,222,1,5,1,0.28302,0.95886,222
590,591,6,223,0,5,1,0.27681,0.96067,223
591,592,6,223,1,5,1,0.27184,0.96209,223
592,593,6,223,2,5,1,0.26686,0.96348,223
593,594,6,224,0,5,1,0.26063,0.96518,224
594,595,6,224,1,5,1,0.25313,0.96718,224
595,596,6,224,2,5,1,0.24562,0.96911,224
596,597,6,225,0,5,1,0.23621,0.97145,225
597,598,6,225,1,5,1,0.22490,0.97413,225
598,599,6,226,0,5,1,0.21670,0.97599,226
599,600,6,226,1,5,1,0.21165,0.97709,226
600,601,6,226,2,5,1,0.20660,0.97817,226
601,602,6,227,0,5,1,0.20027,0.97949,227
602,603,6,227,1,5,1,0.19266,0.98101,227
603,604,6,228,0,5,1,0.18632,0.98224,228
604,605,6,228,1,5,1,0.18124,0.98319,228
605,606,6,228,2,5,1,0.17615,0.98411,228
606,607,6,229,0,5,1,0.16979,0.98523,229
607,608,6,229,1,5,1,0.16214,0.98652,229
608,609,6,229,2,5,1,0.15448,0.98775,229
609,610,6,230,0,5,1,0.14490,0.98920,230
610,611,6,230,1,5,1,0.13338,0.99082,230
611,612,6,231,0,5,1,0.12376,0.99206,231
612,613,6,231,1,5,1,0.11606,0.99299,231
613,614,6,231,2,5,1,0.10836,0.99386,231
614,615,6,232,0,5,1,0.09872,0.99487,232
615,616,6,232,1,5,1,0.08713,0.99595,232
616,617,6,232,2,5,1,0.07554,0.99690,232
617,618,6,233,0,5,1,0.06103,0.99789,233
618,619,6,233,1,5,1,0.04361,0.99880,233
619,620,6,234,0,5,1,0.03231,0.99923,234
620,621,6,234,1,5,1,0.02714,0.99938,234
621,622,6,234,2,5,1,0.02197,0.99951,234
622,623,6,235,0,5,1,0.01551,0.99963,235
623,624,6,235,1,5,1,0.00776,0.99972,235
624,625,6,236,0,5,1,0.00129,0.99975,236
625,626,6,236,1,5,1,-0.00388,0.99975,236
626,627,6,236,2,5,1,-0.00905,0.99971,236
627,628,6,237,0,5,1,-0.01551,0.99963,237
628,629,6,237,1,5,1,-0.02326,0.99948,237
629,630,6,237,2,5,1,-0.03102,0.99927,237
630,631,6,238,0,5,1,-0.04070,0.99892,238
631,632,6,238,1,5,1,-0.05232,0.99838,238
632,633,6,239,0,5,1,-0.06071,0.99791,239
633,634,6,239,1,5,1,-0.06587,0.99758,239
634,635,6,239,2,5,1,-0.07103,0.99723,239
635,636,6,240,0,5,1,-0.07747,0.99675,240
636,637,6,240,1,5,1,-0.08520,0.99612,240
637,638,6,241,0,5,1,-0.09164,0.99554,241
638,639,6,241,1,5,1,-0.09679,0.99506,241
639,640,6,241,2,5,1,-0.10193,0.99454,241
640,641,6,242,0,5,1,-0.10836,0.99386,242
641,642,6,242,1,5,1,-0.11606,0.99299,242
642,643,6,242,2,5,1,-0.12376,0.99206,242
643,644,6,243,0,5,1,-0.13338,0.99082,243
644,645,6,243,1,5,1,-0.14490,0.98920,243
645,646,6,244,0,5,1,-0.15448,0.98775,244
646,647,6,244,1,5,1,-0.16214,0.98652,244
647,648,6,244,2,5,1,-0.16979,0.98523,244
648,649,6,245,0,5,1,-0.17933,0.98354,245
649,650,6,245,1,5,1,-0.19076,0.98138,245
650,651,6,245,2,5,1,-0.20217,0.97910,245
651,652,6,246,0,5,1,-0.21639,0.97606,246
652,653,6,246,1,5,1,-0.23339,0.97213,246
653,654,6,247,0,5,1,-0.24562,0.96911,247
654,655,6,247,1,5,1,-0.25313,0.96718,247
655,656,6,247,2,5,1,-0.26063,0.96518,247
656,657,6,248,0,5,1,-0.26997,0.96261,248
657,658,6,248,1,5,1,-0.28116,0.95941,248
658,659,6,249,0,5,1,-0.29044,0.95663,249
659,660,6,249,1,5,1,-0.29786,0.95435,249
660,661,6,249,2,5,1,-0.30525,0.95201,249
661,662,6,250,0,5,1,-0.31447,0.94901,250
662,663,6,250,1,5,1,-0.32549,0.94529,250
663,664,6,250,2,5,1,-0.33646,0.94143,250
664,665,6,251,0,5,1,-0.35012,0.93644,251
665,666,6,251,1,5,1,-0.36641,0.93019,251
666,667,6,252,0,5,1,-0.37990,0.92476,252
667,668,6,252,1,5,1,-0.39063,0.92028,252
668,669,6,252,2,5,1,-0.40132,0.91567,252
669,670,6,253,0,5,1,-0.41459,0.90974,253
670,671,6,253,1,5,1,-0.43040,0.90236,253
671,672,6,253,2,5,1,-0.44609,0.89471,253
672,673,6,254,0,5,1,-0.46550,0.88477,254
673,674,6,254,1,5,1,-0.48850,0.87228,254
674,675,6,255,0,5,1,-0.50211,0.86452,255
675,676,6,255,1,5,1,-0.50658,0.86191,255
676,677,6,255,2,5,1,-0.51103,0.85928,255
677,678,6,256,0,5,1,-0.51657,0.85596,256
678,679,6,256,1,5,1,-0.52320,0.85192,256
679,680,6,257,0,5,1,-0.52869,0.84852,257
680,681,6,257,1,5,1,-0.53307,0.84578,257
681,682,6,257,2,5,1,-0.53744,0.84301,257
682,683,6,258,0,5,1,-0.54288,0.83952,258
683,684,6,258,1,5,1,-0.54937,0.83528,258
684,685,6,258,2,5,1,-0.55584,0.83100,258
685,686,6,259,0,5,1,-0.56387,0.82557,259
686,687,6,259,1,5,1,-0.57343,0.81895,259
687,688,6,260,0,5,1,-0.58030,0.81410,260
688,689,6,260,1,5,1,-0.58450,0.81109,260
689,690,6,260,2,5,1,-0.58869,0.80806,260
690,691,6,261,0,5,1,-0.59390,0.80423,261
691,692,6,261,1,5,1,-0.60012,0.79960,261
692,693,6,262,0,5,1,-0.60527,0.79571,262
693,694,6,262,1,5,1,-0.60938,0.79257,262
694,695,6,262,2,5,1,-0.61347,0.78941,262
695,696,6,263,0,5,1,-0.61856,0.78542,263
696,697,6,263,1,5,1,-0.62463,0.78060,263
697,698,6,263,2,5,1,-0.63067,0.77573,263
698,699,6,264,0,5,1,-0.63816,0.76958,264
699,700,6,264,1,5,1,-0.64707,0.76210,264
700,701,6,265,0,5,1,-0.65443,0.75579,265
701,702,6,265,1,5,1,-0.66028,0.75069,265
702,703,6,265,2,5,1,-0.66608,0.74555,265
703,704,6,266,0,5,1,-0.67328,0.73906,266
704,705,6,266,1,5,1,-0.68183,0.73117,266
705,706,6,266,2,5,1,-0.69029,0.72319,266
706,707,6,267,0,5,1,-0.70074,0.71307,267
707,708,6,267,1,5,1,-0.71307,0.70074,267
708,709,6,268,0,5,1,-0.72096,0.69263,268
709,710,6,268,1,5,1,-0.72453,0.68889,268
710,711,6,268,2,5,1,-0.72808,0.68513,268
711,712,6,269,0,5,1,-0.73249,0.68041,269
712,713,6,269,1,5,1,-0.73775,0.67471,269
713,714,6,270,0,5,1,-0.74210,0.66993,270
714,715,6,270,1,5,1,-0.74555,0.66608,270
715,716,6,270,2,5,1,-0.74898,0.66221,270
716,717,6,271,0,5,1,-0.75325,0.65736,271
717,718,6,271,1,5,1,-0.75833,0.65150,271
718,719,6,271,2,5,1,-0.76336,0.64559,271
719,720,6,272,0,5,1,-0.76958,0.63816,272
720,721,6,272,1,5,1,-0.77695,0.62917,272
721,722,6,273,0,5,1,-0.78221,0.62261,273
722,723,6,273,1,5,1,-0.78542,0.61856,273
723,724,6,273,2,5,1,-0.78861,0.61449,273
724,725,6,274,0,5,1,-0.79257,0.60938,274
725,726,6,274,1,5,1,-0.79727,0.60321,274
726,727,6,275,0,5,1,-0.80115,0.59805,275
727,728,6,275,1,5,1,-0.80423,0.59390,275
728,729,6,275,2,5,1,-0.80730,0.58973,275
729,730,6,276,0,5,1,-0.81033,0.58555,276
730,731,6,276,1,5,1,-0.81335,0.58135,276
731,732,6,276,2,5,1,-0.81635,0.57713,276
732,733,6,277,0,5,1,-0.82006,0.57185,277
733,734,6,277,1,5,1,-0.82447,0.56547,277
734,735,6,278,0,5,1,-0.82811,0.56013,278
735,736,6,278,1,5,1,-0.83100,0.55584,278
736,737,6,278,2,5,1,-0.83386,0.55153,278
737,738,6,279,0,5,1,-0.83741,0.54613,279
738,739,6,279,1,5,1,-0.84162,0.53962,279
739,740,6,279,2,5,1,-0.84578,0.53307,279
740,741,6,280,0,5,1,-0.85091,0.52485,280
741,742,6,280,1,5,1,-0.85696,0.51491,280
742,743,6,281,0,5,1,-0.86125,0.50769,281
743,744,6,281,1,5,1,-0.86387,0.50323,281
744,745,6,281,2,5,1,-0.86646,0.49876,281
745,746,6,282,0,5,1,-0.86966,0.49315,282
746,747,6,282,1,5,1,-0.87346,0.48638,282
747,748,6,283,0,5,1,-0.87659,0.48073,283
748,749,6,283,1,5,1,-0.87906,0.47619,283
749,750,6,283,2,5,1,-0.88151,0.47164,283
750,751,6,284,0,5,1,-0.88454,0.46593,284
751,752,6,284,1,5,1,-0.88813,0.45905,284
752,753,6,284,2,5,1,-0.89167,0.45215,284
753,754,6,285,0,5,1,-0.89601,0.44348,285
754,755,6,285,1,5,1,-0.90111,0.43303,285
755,756,6,286,0,5,1,-0.90526,0.42427,286
756,757,6,286,1,5,1,-0.90853,0.41724,286
757,758,6,286,2,5,1,-0.91174,0.41018,286
758,759,6,287,0,5,1,-0.91567,0.40132,287
759,760,6,287,1,5,1,-0.92028,0.39063,287
760,761,6,287,2,5,1,-0.92476,0.37990,287
761,762,6,288,0,5,1,-0.93019,0.36641,288
762,763,6,288,1,5,1,-0.93644,0.35012,288
763,764,6,289,0,5,1,-0.94034,0.33951,289
764,765,6,289,1,5,1,-0.94208,0.33464,289
765,766,6,289,2,5,1,-0.94380,0.32976,289
766,767,6,290,0,5,1,-0.94591,0.32365,290
767,768,6,290,1,5,1,-0.94840,0.31631,290
768,769,6,291,0,5,1,-0.95042,0.31017,291
769,770,6,291,1,5,1,-0.95201,0.30525,291
770,771,6,291,2,5,1,-0.95358,0.30032,291
771,772,6,292,0,5,1,-0.95550,0.29415,292
772,773,6,292,1,5,1,-0.95775,0.28673,292
773,774,6,292,2,5,1,-0.95995,0.27929,292
774,775,6,293,0,5,1,-0.96261,0.26997,293
775,776,6,293,1,5,1,-0.96569,0.25876,293
776,777,6,294,0,5,1,-0.96783,0.25063,294
777,778,6,294,1,5,1,-0.96911,0.24562,294
778,779,6,294,2,5,1,-0.97037,0.24061,294
779,780,6,295,0,5,1,-0.97190,0.23433,295
780,781,6,295,1,5,1,-0.97369,0.22678,295
781,782,6,296,0,5,1,-0.97514,0.22049,296
782,783,6,296,1,5,1,-0.97626,0.21544,296
783,784,6,296,2,5,1,-0.97737,0.21039,296
784,785,6,297,0,5,1,-0.97871,0.20407,297
785,786,6,297,1,5,1,-0.98026,0.19647,297
786,787,6,297,2,5,1,-0.98175,0.18886,297
787,788,6,298,0,5,1,-0.98354,0.17933,298
788,789,6,298,1,5,1,-0.98556,0.16787,298
789,790,6,299,0,5,1,-0.98714,0.15831,299
790,791,6,299,1,5,1,-0.98834,0.15065,299
791,792,6,299,2,5,1,-0.98948,0.14298,299
792,793,6,300,0,5,1,-0.99082,0.13338,300
793,794,6,300,1,5,1,-0.99230,0.12184,300
794,795,6,300,2,5,1,-0.99365,0.11029,300
795,796,6,301,0,5,1,-0.99515,0.09582,301
796,797,6,301,1,5,1,-0.99667,0.07844,301
797,798,6,302,0,5,1,-0.99758,0.06587,302
798,799,6,302,1,5,1,-0.99806,0.05813,302
799,800,6,302,2,5,1,-0.99848,0.05039,302
800,801,6,303,0,5,1,-0.99892,0.04070,303
801,802,6,303,1,5,1,-0.99933,0.02908,303
802,803,6,304,0,5,1,-0.99957,0.01939,304
803,804,6,304,1,5,1,-0.99969,0.01163,304
804,805,6,304,2,5,1,-0.99975,0.00388,304
805,806,6,305,0,5,1,-0.99974,-0.00582,305
806,807,6,305,1,5,1,-0.99960,-0.01745,305
807,808,6,305,2,5,1,-0.99933,-0.02908,305
808,809,6,306,0,5,1,-0.99880,-0.04361,306
809,810,6,306,1,5,1,-0.99789,-0.06103,306
810,811,6,307,0,5,1,-0.99690,-0.07554,307
811,812,6,307,1,5,1,-0.99595,-0.08713,307
812,813,6,307,2,5,1,-0.99487,-0.09872,307
813,814,6,308,0,5,1,-0.99333,-0.11318,308
814,815,6,308,1,5,1,-0.99120,-0.13049,308
815,816,6,308,2,5,1,-0.98877,-0.14777,308
816,817,6,309,0,5,1,-0.98531,-0.16931,309
817,818,6,309,1,5,1,-0.98054,-0.19504,309
818,819,6,310,0,5,1,-0.97737,-0.21039,310
819,820,6,310,1,5,1,-0.97626,-0.21544,310
820,821,6,310,2,5,1,-0.97514,-0.22049,310
821,822,6,311,0,5,1,-0.97369,-0.22678,311
822,823,6,311,1,5,1,-0.97190,-0.23433,311
823,824,6,312,0,5,1,-0.97037,-0.24061,312
824,825,6,312,1,5,1,-0.96911,-0.24562,312
825,826,6,312,2,5,1,-0.96783,-0.25063,312
826,827,6,313,0,5,1,-0.96619,-0.25688,313
827,828,6,313,1,5,1,-0.96417,-0.26437,313
828,829,6,313,2,5,1,-0.96209,-0.27184,313
829,830,6,314,0,5,1,-0.95941,-0.28116,314
830,831,6,314,1,5,1,-0.95607,-0.29230,314
831,832,6,315,0,5,1,-0.95358,-0.30032,315
832,833,6,315,1,5,1,-0.95201,-0.30525,315
833,834,6,315,2,5,1,-0.95042,-0.31017,315
834,835,6,316,0,5,1,-0.94840,-0.31631,316
835,836,6,316,1,5,1,-0.94591,-0.32365,316
836,837,6,317,0,5,1,-0.94380,-0.32976,317
837,838,6,317,1,5,1,-0.94208,-0.33464,317
838,839,6,317,2,5,1,-0.94034,-0.33951,317
839,840,6,318,0,5,1,-0.93813,-0.34558,318
840,841,6,318,1,5,1,-0.93542,-0.35284,318
841,842,6,318,2,5,1,-0.93265,-0.36009,318
842,843,6,319,0,5,1,-0.92912,-0.36912,319
843,844,6,319,1,5,1,-0.92476,-0.37990,319
844,845,6,320,0,5,1,-0.92103,-0.38885,320
845,846,6,320,1,5,1,-0.91799,-0.39598,320
846,847,6,320,2,5,1,-0.91489,-0.40309,320
847,848,6,321,0,5,1,-0.91094,-0.41194,321
848,849,6,321,1,5,1,-0.90608,-0.42251,321
849,850,6,321,2,5,1,-0.90111,-0.43303,321
850,851,6,322,0,5,1,-0.89471,-0.44609,322
851,852,6,322,1,5,1,-0.88679,-0.46163,322
852,853,6,323,0,5,1,-0.88151,-0.47164,323
853,854,6,323,1,5,1,-0.87906,-0.47619,323
854,855,6,323,2,5,1,-0.87659,-0.48073,323
855,856,6,324,0,5,1,-0.87346,-0.48638,324
856,857,6,324,1,5,1,-0.86966,-0.49315,324
857,858,6,325,0,5,1,-0.86646,-0.49876,325
858,859,6,325,1,5,1,-0.86387,-0.50323,325
859,860,6,325,2,5,1,-0.86125,-0.50769,325
860,861,6,326,0,5,1,-0.85795,-0.51325,326
861,862,6,326,1,5,1,-0.85395,-0.51989,326
862,863,6,326,2,5,1,-0.84989,-0.52650,326
863,864,6,327,0,5,1,-0.84474,-0.53471,327
864,865,6,327,1,5,1,-0.83846,-0.54450,327
865,866,6,328,0,5,1,-0.83386,-0.55153,328
866,867,6,328,1,5,1,-0.83100,-0.55584,328
867,868,6,328,2,5,1,-0.82811,-0.56013,328
868,869,6,329,0,5,1,-0.82447,-0.56547,329
869,870,6,329,1,5,1,-0.82006,-0.57185,329
870,871,6,330,0,5,1,-0.81635,-0.57713,330
871,872,6,330,1,5,1,-0.81335,-0.58135,330
872,873,6,330,2,5,1,-0.81033,-0.58555,330
873,874,6,331,0,5,1,-0.80730,-0.58973,331
874,875,6,331,1,5,1,-0.80423,-0.59390,331
875,876,6,331,2,5,1,-0.80115,-0.59805,331
876,877,6,332,0,5,1,-0.79727,-0.60321,332
877,878,6,332,1,5,1,-0.79257,-0.60938,332
878,879,6,333,0,5,1,-0.78861,-0.61449,333
879,880,6,333,1,5,1,-0.78542,-0.61856,333
880,881,6,333,2,5,1,-0.78221,-0.62261,333
881,882,6,334,0,5,1,-0.77817,-0.62766,334
882,883,6,334,1,5,1,-0.77328,-0.63367,334
883,884,6,334,2,5,1,-0.76834,-0.63965,334
884,885,6,335,0,5,1,-0.76210,-0.64707,335
885,886,6,335,1,5,1,-0.75452,-0.65590,335
886,887,6,336,0,5,1,-0.74898,-0.66221,336
887,888,6,336,1,5,1,-0.74555,-0.66608,336
888,889,6,336,2,5,1,-0.74210,-0.66993,336
889,890,6,337,0,5,1,-0.73775,-0.67471,337
890,891,6,337,1,5,1,-0.73249,-0.68041,337
891,892,6,338,0,5,1,-0.72808,-0.68513,338
892,893,6,338,1,5,1,-0.72453,-0.68889,338
893,894,6,338,2,5,1,-0.72096,-0.69263,338
894,895,6,339,0,5,1,-0.71646,-0.69727,339
895,896,6,339,1,5,1,-0.71103,-0.70281,339
896,897,6,339,2,5,1,-0.70556,-0.70830,339
897,898,6,340,0,5,1,-0.69866,-0.71511,340
898,899,6,340,1,5,1,-0.69029,-0.72319,340
899,900,6,341,0,5,1,-0.68325,-0.72985,341
900,901,6,341,1,5,1,-0.67756,-0.73513,341
901,902,6,341,2,5,1,-0.67184,-0.74036,341
902,903,6,342,0,5,1,-0.66463,-0.74684,342
903,904,6,342,1,5,1,-0.65590,-0.75452,342
904,905,6,342,2,5,1,-0.64707,-0.76210,342
905,906,6,343,0,5,1,-0.63592,-0.77143,343
906,907,6,343,1,5,1,-0.62236,-0.78242,343
907,908,6,344,0,5,1,-0.61347,-0.78941,344
908,909,6,344,1,5,1,-0.60938,-0.79257,344
909,910,6,344,2,5,1,-0.60527,-0.79571,344
910,911,6,345,0,5,1,-0.60012,-0.79960,345
911,912,6,345,1,5,1,-0.59390,-0.80423,345
912,913,6,346,0,5,1,-0.58869,-0.80806,346
913,914,6,346,1,5,1,-0.58450,-0.81109,346
914,915,6,346,2,5,1,-0.58030,-0.81410,346
915,916,6,347,0,5,1,-0.57502,-0.81784,347
916,917,6,347,1,5,1,-0.56866,-0.82227,347
917,918,6,347,2,5,1,-0.56227,-0.82666,347
918,919,6,348,0,5,1,-0.55422,-0.83207,348
919,920,6,348,1,5,1,-0.54450,-0.83846,348
920,921,6,349,0,5,1,-0.53744,-0.84301,349
921,922,6,349,1,5,1,-0.53307,-0.84578,349
922,923,6,349,2,5,1,-0.52869,-0.84852,349
923,924,6,350,0,5,1,-0.52320,-0.85192,350
924,925,6,350,1,5,1,-0.51657,-0.85596,350
925,926,6,351,0,5,1,-0.51103,-0.85928,351
926,927,6,351,1,5,1,-0.50658,-0.86191,351
927,928,6,351,2,5,1,-0.50211,-0.86452,351
928,929,6,352,0,5,1,-0.49651,-0.86774,352
929,930,6,352,1,5,1,-0.48977,-0.87157,352
930,931,6,352,2,5,1,-0.48299,-0.87534,352
931,932,6,353,0,5,1,-0.47448,-0.87998,353
932,933,6,353,1,5,1,-0.46421,-0.88545,353
933,934,6,354,0,5,1,-0.45561,-0.88990,354
934,935,6,354,1,5,1,-0.44869,-0.89341,354
935,936,6,354,2,5,1,-0.44174,-0.89687,354
936,937,6,355,0,5,1,-0.43303,-0.90111,355
937,938,6,355,1,5,1,-0.42251,-0.90608,355
938,939,6,355,2,5,1,-0.41194,-0.91094,355
939,940,6,356,0,5,1,-0.39865,-0.91683,356
940,941,6,356,1,5,1,-0.38259,-0.92365,356
941,942,6,357,0,5,1,-0.37092,-0.92840,357
942,943,6,357,1,5,1,-0.36370,-0.93125,357
943,944,6,357,2,5,1,-0.35647,-0.93404,357
944,945,6,358,0,5,1,-0.34740,-0.93746,358
945,946,6,358,1,5,1,-0.33646,-0.94143,358
946,947,6,359,0,5,1,-0.32732,-0.94465,359
947,948,6,359,1,5,1,-0.31998,-0.94716,359
948,949,6,359,2,5,1,-0.31263,-0.94962,359
949,950,6,360,0,5,1,-0.30340,-0.95260,360
950,951,6,360,1,5,1,-0.29230,-0.95607,360
951,952,6,360,2,5,1,-0.28116,-0.95941,360
952,953,6,361,0,5,1,-0.26717,-0.96339,361
953,954,6,361,1,5,1,-0.25032,-0.96791,361
954,955,6,362,0,5,1,-0.23621,-0.97145,362
955,956,6,362,1,5,1,-0.22490,-0.97413,362
956,957,6,362,2,5,1,-0.21355,-0.97668,362
957,958,6,363,0,5,1,-0.19932,-0.97968,363
958,959,6,363,1,5,1,-0.18219,-0.98301,363
959,960,6,363,2,5,1,-0.16501,-0.98604,363
960,961,6,364,0,5,1,-0.14346,-0.98941,364
961,962,6,364,1,5,1,-0.11751,-0.99282,364
962,963,6,365,0,5,1,-0.10193,-0.99454,365
963,964,6,365,1,5,1,-0.09679,-0.99506,365
964,965,6,365,2,5,1,-0.09164,-0.99554,365
965,966,6,366,0,5,1,-0.08520,-0.99612,366
966,967,6,366,1,5,1,-0.07747,-0.99675,366
967,968,6,367,0,5,1,-0.07103,-0.99723,367
968,969,6,367,1,5,1,-0.06587,-0.99758,367
969,970,6,367,2,5,1,-0.06071,-0.99791,367
970,971,6,368,0,5,1,-0.05426,-0.99828,368
971,972,6,368,1,5,1,-0.04651,-0.99867,368
972,973,6,368,2,5,1,-0.03877,-0.99900,368
973,974,6,369,0,5,1,-0.02908,-0.99933,369
974,975,6,369,1,5,1,-0.01745,-0.99960,369
975,976,6,370,0,5,1,-0.00905,-0.99971,370
976,977,6,370,1,5,1,-0.00388,-0.99975,370
977,978,6,370,2,5,1,0.00129,-0.99975,370
978,979,6,371,0,5,1,0.00776,-0.99972,371
979,980,6,371,1,5,1,0.01551,-0.99963,371
980,981,6,372,0,5,1,0.02197,-0.99951,372
981,982,6,372,1,5,1,0.02714,-0.99938,372
982,983,6,372,2,5,1,0.03231,-0.99923,372
983,984,6,373,0,5,1,0.03877,-0.99900,373
984,985,6,373,1,5,1,0.04651,-0.99867,373
985,986,6,373,2,5,1,0.05426,-0.99828,373
986,987,6,374,0,5,1,0.06394,-0.99771,374
987,988,6,374,1,5,1,0.07554,-0.99690,374
988,989,6,375,0,5,1,0.08520,-0.99612,375
989,990,6,375,1,5,1,0.09293,-0.99543,375
990,991,6,375,2,5,1,0.10065,-0.99467,375
991,992,6,376,0,5,1,0.11029,-0.99365,376
992,993,6,376,1,5,1,0.12184,-0.99230,376
993,994,6,376,2,5,1,0.13338,-0.99082,376
994,995,6,377,0,5,1,0.14777,-0.98877,377
995,996,6,377,1,5,1,0.16501,-0.98604,377
996,997,6,378,0,5,1,0.17615,-0.98411,378
997,998,6,378,1,5,1,0.18124,-0.98319,378
998,999,6,378,2,5,1,0.18632,-0.98224,378
999,1000,6,379,0,5,1,0.19266,-0.98101,379
1000,1001,6,379,1,5,1,0.20027,-0.97949,379
1001,1002,6,380,0,5,1,0.20660,-0.97817,380
1002,1003,6,380,1,5,1,0.21165,-0.97709,380
1003,1004,6,380,2,5,1,0.21670,-0.97599,380
1004,1005,6,381,0,5,1,0.22301,-0.97456,381
1005,1006,6,381,1,5,1,0.23056,-0.97280,381
1006,1007,6,381,2,5,1,0.23810,-0.97099,381
1007,1008,6,382,0,5,1,0.24750,-0.96863,382
1008,1009,6,382,1,5,1,0.25876,-0.96569,382
1009,1010,6,383,0,5,1,0.26686,-0.96348,383
1010,1011,6,383,1,5,1,0.27184,-0.96209,383
1011,1012,6,383,2,5,1,0.27681,-0.96067,383
1012,1013,6,384,0,5,1,0.28302,-0.95886,384
1013,1014,6,384,1,5,1,0.29044,-0.95663,384
1014,1015,6,385,0,5,1,0.29662,-0.95474,385
1015,1016,6,385,1,5,1,0.30156,-0.95319,385
1016,1017,6,385,2,5,1,0.30648,-0.95162,385
1017,1018,6,386,0,5,1,0.31140,-0.95002,386
1018,1019,6,386,1,5,1,0.31631,-0.94840,386
1019,1020,6,386,2,5,1,0.32121,-0.94675,386
1020,1021,6,387,0,5,1,0.32732,-0.94465,387
1021,1022,6,387,1,5,1,0.33464,-0.94208,387
1022,1023,6,388,0,5,1,0.34072,-0.93990,388
1023,1024,6,388,1,5,1,0.34558,-0.93813,388
1024,1025,6,388,2,5,1,0.35042,-0.93633,388
1025,1026,6,389,0,5,1,0.35647,-0.93404,389
1026,1027,6,389,1,5,1,0.36370,-0.93125,389
1027,1028,6,389,2,5,1,0.37092,-0.92840,389
1028,1029,6,390,0,5,1,0.37990,-0.92476,390
1029,1030,6,390,1,5,1,0.39063,-0.92028,390
1030,1031,6,391,0,5,1,0.39835,-0.91696,391
1031,1032,6,391,1,5,1,0.40309,-0.91489,391
1032,1033,6,391,2,5,1,0.40782,-0.91279,391
1033,1034,6,392,0,5,1,0.41371,-0.91014,392
1034,1035,6,392,1,5,1,0.42076,-0.90690,392
1035,1036,6,393,0,5,1,0.42661,-0.90416,393
1036,1037,6,393,1,5,1,0.43128,-0.90194,393
1037,1038,6,393,2,5,1,0.43594,-0.89970,393
1038,1039,6,394,0,5,1,0.44174,-0.89687,394
1039,1040,6,394,1,5,1,0.44869,-0.89341,394
1040,1041,6,394,2,5,1,0.45561,-0.88990,394
1041,1042,6,395,0,5,1,0.46421,-0.88545,395
1042,1043,6,395,1,5,1,0.47448,-0.87998,395
1043,1044,6,396,0,5,1,0.48299,-0.87534,396
1044,1045,6,396,1,5,1,0.48977,-0.87157,396
1045,1046,6,396,2,5,1,0.49651,-0.86774,396
1046,1047,6,397,0,5,1,0.50491,-0.86289,397
1047,1048,6,397,1,5,1,0.51491,-0.85696,397
1048,1049,6,397,2,5,1,0.52485,-0.85091,397
1049,1050,6,398,0,5,1,0.53717,-0.84318,398
1050,1051,6,398,1,5,1,0.55180,-0.83368,398
1051,1052,6,399,0,5,1,0.56120,-0.82738,399
1052,1053,6,399,1,5,1,0.56547,-0.82447,399
1053,1054,6,399,2,5,1,0.56972,-0.82154,399
1054,1055,6,400,0,5,1,0.57502,-0.81784,400
1055,1056,6,400,1,5,1,0.58135,-0.81335,400
1056,1057,6,401,0,5,1,0.58659,-0.80958,401
1057,1058,6,401,1,5,1,0.59077,-0.80653,401
1058,1059,6,401,2,5,1,0.59494,-0.80347,401
1059,1060,6,402,0,5,1,0.60012,-0.79960,402
1060,1061,6,402,1,5,1,0.60630,-0.79492,402
1061,1062,6,402,2,5,1,0.61245,-0.79020,402
1062,1063,6,403,0,5,1,0.62008,-0.78422,403
1063,1064,6,403,1,5,1,0.62917,-0.77695,403
1064,1065,6,404,0,5,1,0.63567,-0.77164,404
1065,1066,6,404,1,5,1,0.63965,-0.76834,404
1066,1067,6,404,2,5,1,0.64362,-0.76502,404
1067,1068,6,405,0,5,1,0.64855,-0.76085,405
1068,1069,6,405,1,5,1,0.65443,-0.75579,405
1069,1070,6,406,0,5,1,0.65930,-0.75155,406
1070,1071,6,406,1,5,1,0.66318,-0.74813,406
1071,1072,6,406,2,5,1,0.66704,-0.74469,406
1072,1073,6,407,0,5,1,0.67184,-0.74036,407
1073,1074,6,407,1,5,1,0.67756,-0.73513,407
1074,1075,6,407,2,5,1,0.68325,-0.72985,407
1075,1076,6,408,0,5,1,0.69029,-0.72319,408
1076,1077,6,408,1,5,1,0.69866,-0.71511,408
1077,1078,6,409,0,5,1,0.70556,-0.70830,409
1078,1079,6,409,1,5,1,0.71103,-0.70281,409
1079,1080,6,409,2,5,1,0.71646,-0.69727,409
1080,1081,6,410,0,5,1,0.72319,-0.69029,410
1081,1082,6,410,1,5,1,0.73117,-0.68183,410
1082,1083,6,410,2,5,1,0.73906,-0.67328,410
1083,1084,6,411,0,5,1,0.74877,-0.66246,411
1084,1085,6,411,1,5,1,0.76022,-0.64929,411
1085,1086,6,412,0,5,1,0.76834,-0.63965,412
1086,1087,6,412,1,5,1,0.77328,-0.63367,412
1087,1088,6,412,2,5,1,0.77817,-0.62766,412
1088,1089,6,413,0,5,1,0.78422,-0.62008,413
1089,1090,6,413,1,5,1,0.79138,-0.61092,413
1090,1091,6,414,0,5,1,0.79727,-0.60321,414
1091,1092,6,414,1,5,1,0.80193,-0.59701,414
1092,1093,6,414,2,5,1,0.80653,-0.59077,414
1093,1094,6,415,0,5,1,0.81222,-0.58292,415
1094,1095,6,415,1,5,1,0.81895,-0.57343,415
1095,1096,6,415,2,5,1,0.82557,-0.56387,415
1096,1097,6,416,0,5,1,0.83368,-0.55180,416
1097,1098,6,416,1,5,1,0.84318,-0.53717,416
1098,1099,6,417,0,5,1,0.85091,-0.52485,417
1099,1100,6,417,1,5,1,0.85696,-0.51491,417
1100,1101,6,417,2,5,1,0.86289,-0.50491,417
1101,1102,6,418,0,5,1,0.87014,-0.49230,418
1102,1103,6,418,1,5,1,0.87860,-0.47704,418
1103,1104,6,418,2,5,1,0.88679,-0.46163,418
1104,1105,6,419,0,5,1,0.89665,-0.44218,419
1105,1106,6,419,1,5,1,0.90792,-0.41856,419
1106,1107,6,420,0,5,1,0.91437,-0.40427,420
1107,1108,6,420,1,5,1,0.91645,-0.39954,420
1108,1109,6,420,2,5,1,0.91850,-0.39479,420
1109,1110,6,421,0,5,1,0.92103,-0.38885,421
1110,1111,6,421,1,5,1,0.92402,-0.38169,421
1111,1112,6,422,0,5,1,0.92647,-0.37571,422
1112,1113,6,422,1,5,1,0.92840,-0.37092,422
1113,1114,6,422,2,5,1,0.93031,-0.36611,422
1114,1115,6,423,0,5,1,0.93265,-0.36009,423
1115,1116,6,423,1,5,1,0.93542,-0.35284,423
1116,1117,6,423,2,5,1,0.93813,-0.34558,423
1117,1118,6,424,0,5,1,0.94143,-0.33646,424
1118,1119,6,424,1,5,1,0.94529,-0.32549,424
1119,1120,6,425,0,5,1,0.94799,-0.31753,425
1120,1121,6,425,1,5,1,0.94962,-0.31263,425
1121,1122,6,425,2,5,1,0.95122,-0.30771,425
1122,1123,6,426,0,5,1,0.95319,-0.30156,426
1123,1124,6,426,1,5,1,0.95550,-0.29415,426
1124,1125,6,427,0,5,1,0.95738,-0.28797,427
1125,1126,6,427,1,5,1,0.95886,-0.28302,427
1126,1127,6,427,2,5,1,0.96031,-0.27805,427
1127,1128,6,428,0,5,1,0.96209,-0.27184,428
1128,1129,6,428,1,5,1,0.96417,-0.26437,428
1129,1130,6,428,2,5,1,0.96619,-0.25688,428
1130,1131,6,429,0,5,1,0.96863,-0.24750,429
1131,1132,6,429,1,5,1,0.97145,-0.23621,429
1132,1133,6,430,0,5,1,0.97369,-0.22678,430
1133,1134,6,430,1,5,1,0.97542,-0.21922,430
1134,1135,6,430,2,5,1,0.97709,-0.21165,430
1135,1136,6,431,0,5,1,0.97910,-0.20217,431
1136,1137,6,431,1,5,1,0.98138,-0.19076,431
1137,1138,6,431,2,5,1,0.98354,-0.17933,431
1138,1139,6,432,0,5,1,0.98604,-0.16501,432
1139,1140,6,432,1,5,1,0.98877,-0.14777,432
1140,1141,6,433,0,5,1,0.99038,-0.13658,433
1141,1142,6,433,1,5,1,0.99107,-0.13146,433
1142,1143,6,433,2,5,1,0.99174,-0.12633,433
1143,1144,6,434,0,5,1,0.99254,-0.11991,434
1144,1145,6,434,1,5,1,0.99344,-0.11221,434
1145,1146,6,435,0,5,1,0.99414,-0.10579,435
1146,1147,6,435,1,5,1,0.99467,-0.10065,435
1147,1148,6,435,2,5,1,0.99518,-0.09550,435
1148,1149,6,436,0,5,1,0.99578,-0.08907,436
1149,1150,6,436,1,5,1,0.99644,-0.08134,436
1150,1151,6,436,2,5,1,0.99704,-0.07361,436
1151,1152,6,437,0,5,1,0.99771,-0.06394,437
1152,1153,6,437,1,5,1,0.99838,-0.05232,437
1153,1154,6,438,0,5,1,0.99879,-0.04393,438
1154,1155,6,438,1,5,1,0.99900,-0.03877,438
1155,1156,6,438,2,5,1,0.99919,-0.03360,438
1156,1157,6,439,0,5,1,0.99938,-0.02714,439
1157,1158,6,439,1,5,1,0.99957,-0.01939,439
1158,1159,6,440,0,5,1,0.99967,-0.01292,440
1159,1160,6,440,1,5,1,0.99972,-0.00776,440
1160,1161,6,440,2,5,1,0.99975,-0.00259,440
